id,tl,structure,age,cmgroup
1001,NA,NA,NA,180
1002,NA,NA,NA,200
1003,NA,NA,NA,300
1004,NA,NA,NA,310
1005,NA,NA,NA,380
1006,NA,NA,NA,390
1007,NA,NA,NA,490
1008,NA,NA,NA,530
1009,NA,NA,NA,540
1010,NA,NA,NA,550
1011,NA,NA,NA,640
1012,NA,NA,NA,401
1013,NA,NA,NA,280
1014,NA,NA,NA,300
1015,NA,NA,NA,190
1016,NA,NA,NA,233
1017,NA,NA,NA,240
1018,NA,NA,NA,360
1019,NA,NA,NA,420
1020,NA,NA,NA,590
1021,NA,NA,NA,890
1022,NA,NA,NA,900
1023,NA,NA,NA,240
1024,NA,NA,NA,270
1025,NA,NA,NA,300
1026,NA,NA,NA,370
1027,NA,NA,NA,410
1028,NA,NA,NA,540
1029,NA,NA,NA,210
1030,NA,NA,NA,180
1031,NA,NA,NA,260
1032,NA,NA,NA,270
1033,NA,NA,NA,210
1034,NA,NA,NA,280
1035,NA,NA,NA,300
1036,NA,NA,NA,320
1037,NA,NA,NA,530
1038,NA,NA,NA,539
1039,NA,NA,NA,230
1040,NA,NA,NA,240
1041,NA,NA,NA,260
1042,NA,NA,NA,270
1043,NA,NA,NA,290
1044,NA,NA,NA,240
1045,NA,NA,NA,250
1046,NA,NA,NA,280
1047,NA,NA,NA,590
1048,NA,NA,NA,180
1049,NA,NA,NA,210
1050,NA,NA,NA,270
1051,NA,NA,NA,280
1052,NA,NA,NA,360
1053,NA,NA,NA,470
1054,NA,NA,NA,500
1055,NA,NA,NA,210
1056,NA,NA,NA,240
1057,NA,NA,NA,260
1058,NA,NA,NA,490
1059,NA,NA,NA,530
1060,NA,NA,NA,170
1061,NA,NA,NA,350
1062,NA,NA,NA,360
1063,NA,NA,NA,380
1064,NA,NA,NA,400
1065,NA,NA,NA,430
1066,NA,NA,NA,470
1067,NA,NA,NA,480
1068,NA,NA,NA,540
1069,NA,NA,NA,190
1070,NA,NA,NA,160
1071,NA,NA,NA,300
1072,NA,NA,NA,410
1073,NA,NA,NA,430
1074,NA,NA,NA,450
1075,NA,NA,NA,160
1076,NA,NA,NA,230
1077,NA,NA,NA,250
1078,NA,NA,NA,260
1079,NA,NA,NA,280
1080,NA,NA,NA,290
1081,NA,NA,NA,230
1082,NA,NA,NA,260
1083,NA,NA,NA,490
1084,NA,NA,NA,200
1085,NA,NA,NA,210
1086,NA,NA,NA,240
1087,NA,NA,NA,250
1088,NA,NA,NA,260
1089,NA,NA,NA,310
1090,NA,NA,NA,430
1091,NA,NA,NA,200
1092,NA,NA,NA,440
1093,NA,NA,NA,500
1094,NA,NA,NA,570
1095,NA,NA,NA,590
1096,NA,NA,NA,620
1097,NA,NA,NA,680
1098,NA,NA,NA,760
1099,NA,NA,NA,800
1100,NA,NA,NA,895
1101,NA,NA,NA,210
1102,NA,NA,NA,220
1103,NA,NA,NA,250
1104,NA,NA,NA,290
1105,NA,NA,NA,300
1106,NA,NA,NA,160
1107,NA,NA,NA,200
1108,NA,NA,NA,210
1109,NA,NA,NA,160
1110,NA,NA,NA,230
1111,NA,NA,NA,160
1112,NA,NA,NA,150
1113,NA,NA,NA,250
1114,NA,NA,NA,490
1115,NA,NA,NA,230
1116,NA,NA,NA,280
1117,NA,NA,NA,430
1118,NA,NA,NA,260
1119,NA,NA,NA,440
1120,NA,NA,NA,460
1121,NA,NA,NA,470
1122,NA,NA,NA,480
1123,NA,NA,NA,590
1124,NA,NA,NA,438
1125,NA,NA,NA,270
1126,NA,NA,NA,290
1127,NA,NA,NA,310
1128,NA,NA,NA,240
1129,NA,NA,NA,250
1130,NA,NA,NA,540
1131,NA,NA,NA,250
1132,NA,NA,NA,380
1133,NA,NA,NA,400
1134,NA,NA,NA,410
1135,NA,NA,NA,420
1136,NA,NA,NA,460
1137,NA,NA,NA,170
1138,NA,NA,NA,230
1139,NA,NA,NA,240
1140,NA,NA,NA,250
1141,NA,NA,NA,260
1142,NA,NA,NA,270
1143,NA,NA,NA,280
1144,NA,NA,NA,420
1145,NA,NA,NA,440
1146,NA,NA,NA,450
1147,NA,NA,NA,460
1148,NA,NA,NA,480
1149,NA,NA,NA,490
1150,NA,NA,NA,580
1151,NA,NA,NA,590
1152,NA,NA,NA,180
1153,NA,NA,NA,170
1154,NA,NA,NA,140
1155,NA,NA,NA,310
1156,NA,NA,NA,360
1157,NA,NA,NA,400
1158,NA,NA,NA,460
1159,NA,NA,NA,480
1160,NA,NA,NA,160
1161,NA,NA,NA,170
1162,NA,NA,NA,220
1163,NA,NA,NA,230
1164,NA,NA,NA,250
1165,NA,NA,NA,190
1166,NA,NA,NA,240
1167,NA,NA,NA,290
1168,NA,NA,NA,300
1169,NA,NA,NA,490
1170,NA,NA,NA,940
1171,NA,NA,NA,180
1172,NA,NA,NA,210
1173,NA,NA,NA,260
1174,NA,NA,NA,270
1175,NA,NA,NA,290
1176,NA,NA,NA,350
1177,NA,NA,NA,440
1178,NA,NA,NA,630
1179,NA,NA,NA,150
1180,NA,NA,NA,180
1181,NA,NA,NA,200
1182,NA,NA,NA,280
1183,NA,NA,NA,300
1184,NA,NA,NA,170
1185,NA,NA,NA,210
1186,NA,NA,NA,220
1187,NA,NA,NA,900
1188,NA,NA,NA,250
1189,NA,NA,NA,270
1190,NA,NA,NA,280
1191,NA,NA,NA,390
1192,NA,NA,NA,400
1193,NA,NA,NA,410
1194,NA,NA,NA,430
1195,NA,NA,NA,440
1196,NA,NA,NA,450
1197,NA,NA,NA,150
1198,NA,NA,NA,250
1199,NA,NA,NA,260
1200,NA,NA,NA,280
1201,NA,NA,NA,380
1202,NA,NA,NA,160
1203,NA,NA,NA,170
1204,NA,NA,NA,180
1205,NA,NA,NA,290
1206,NA,NA,NA,300
1207,NA,NA,NA,190
1208,NA,NA,NA,150
1209,NA,NA,NA,200
1210,NA,NA,NA,240
1211,NA,NA,NA,270
1212,NA,NA,NA,280
1213,NA,NA,NA,310
1214,NA,NA,NA,460
1215,NA,NA,NA,480
1216,NA,NA,NA,500
1217,NA,NA,NA,560
1218,NA,NA,NA,170
1219,NA,NA,NA,220
1220,NA,NA,NA,230
1221,NA,NA,NA,240
1222,NA,NA,NA,270
1223,NA,NA,NA,280
1224,NA,NA,NA,290
1225,NA,NA,NA,300
1226,NA,NA,NA,420
1227,NA,NA,NA,450
1228,NA,NA,NA,510
1229,NA,NA,NA,890
1230,NA,NA,NA,1170
1231,NA,NA,NA,240
1232,NA,NA,NA,540
1233,NA,NA,NA,220
1234,NA,NA,NA,240
1235,NA,NA,NA,250
1236,NA,NA,NA,520
1237,NA,NA,NA,190
1238,NA,NA,NA,180
1239,NA,NA,NA,170
1240,NA,NA,NA,160
1241,NA,NA,NA,230
1242,NA,NA,NA,250
1243,NA,NA,NA,590
1244,NA,NA,NA,220
1245,NA,NA,NA,180
1246,NA,NA,NA,200
1247,NA,NA,NA,220
1248,NA,NA,NA,230
1249,NA,NA,NA,280
1250,NA,NA,NA,460
1251,NA,NA,NA,200
1252,NA,NA,NA,310
1253,NA,NA,NA,170
1254,NA,NA,NA,180
1255,NA,NA,NA,210
1256,NA,NA,NA,250
1257,NA,NA,NA,270
1258,NA,NA,NA,280
1259,NA,NA,NA,450
1260,NA,NA,NA,480
1261,NA,NA,NA,520
1262,NA,NA,NA,560
1263,NA,NA,NA,570
1264,NA,NA,NA,600
1265,NA,NA,NA,740
1266,NA,NA,NA,950
1267,NA,NA,NA,180
1268,NA,NA,NA,150
1269,NA,NA,NA,220
1270,NA,NA,NA,910
1271,NA,NA,NA,280
1272,NA,NA,NA,510
1273,NA,NA,NA,530
1274,NA,NA,NA,560
1275,NA,NA,NA,1100
1276,NA,NA,NA,980
1277,NA,NA,NA,230
1278,NA,NA,NA,240
1279,NA,NA,NA,250
1280,NA,NA,NA,280
1281,NA,NA,NA,260
1282,NA,NA,NA,300
1283,NA,NA,NA,520
1284,NA,NA,NA,160
1285,NA,NA,NA,220
1286,NA,NA,NA,230
1287,NA,NA,NA,530
1288,NA,NA,NA,670
1289,NA,NA,NA,770
1290,NA,NA,NA,210
1291,NA,NA,NA,250
1292,NA,NA,NA,190
1293,NA,NA,NA,200
1294,NA,NA,NA,250
1295,NA,NA,NA,260
1296,NA,NA,NA,270
1297,NA,NA,NA,280
1298,NA,NA,NA,310
1299,NA,NA,NA,460
1300,NA,NA,NA,180
1301,NA,NA,NA,170
1302,NA,NA,NA,190
1303,NA,NA,NA,160
1304,NA,NA,NA,220
1305,NA,NA,NA,230
1306,NA,NA,NA,250
1307,NA,NA,NA,280
1308,NA,NA,NA,240
1309,NA,NA,NA,630
1310,NA,NA,NA,970
1311,NA,NA,NA,210
1312,NA,NA,NA,280
1313,NA,NA,NA,390
1314,NA,NA,NA,160
1315,NA,NA,NA,290
1316,NA,NA,NA,300
1317,NA,NA,NA,290
1318,NA,NA,NA,300
1319,NA,NA,NA,310
1320,NA,NA,NA,170
1321,NA,NA,NA,190
1322,NA,NA,NA,280
1323,NA,NA,NA,290
1324,NA,NA,NA,190
1325,NA,NA,NA,220
1326,NA,NA,NA,250
1327,NA,NA,NA,280
1328,NA,NA,NA,570
1329,NA,NA,NA,620
1330,NA,NA,NA,780
1331,NA,NA,NA,170
1332,NA,NA,NA,240
1333,NA,NA,NA,270
1334,NA,NA,NA,290
1335,NA,NA,NA,230
1336,NA,NA,NA,460
1337,NA,NA,NA,230
1338,NA,NA,NA,260
1339,NA,NA,NA,290
1340,NA,NA,NA,410
1341,NA,NA,NA,650
1342,NA,NA,NA,310
1343,NA,NA,NA,460
1344,NA,NA,NA,230
1345,NA,NA,NA,230
1346,NA,NA,NA,290
1347,NA,NA,NA,210
1348,NA,NA,NA,240
1349,NA,NA,NA,250
1350,NA,NA,NA,270
1351,NA,NA,NA,400
1352,NA,NA,NA,230
1353,NA,NA,NA,240
1354,NA,NA,NA,260
1355,NA,NA,NA,290
1356,NA,NA,NA,300
1357,NA,NA,NA,460
1358,NA,NA,NA,510
1359,NA,NA,NA,560
1360,NA,NA,NA,570
1361,NA,NA,NA,580
1362,NA,NA,NA,220
1363,NA,NA,NA,230
1364,NA,NA,NA,250
1365,NA,NA,NA,620
1366,NA,NA,NA,660
1367,NA,NA,NA,900
1368,NA,NA,NA,950
1369,NA,NA,NA,970
1370,NA,NA,NA,210
1371,NA,NA,NA,220
1372,NA,NA,NA,250
1373,NA,NA,NA,260
1374,NA,NA,NA,460
1375,NA,NA,NA,210
1376,NA,NA,NA,240
1377,NA,NA,NA,270
1378,NA,NA,NA,310
1379,NA,NA,NA,460
1380,NA,NA,NA,240
1381,NA,NA,NA,250
1382,NA,NA,NA,260
1383,NA,NA,NA,280
1384,NA,NA,NA,300
1385,NA,NA,NA,390
1386,NA,NA,NA,440
1387,NA,NA,NA,490
1388,NA,NA,NA,230
1389,NA,NA,NA,250
1390,NA,NA,NA,270
1391,NA,NA,NA,280
1392,NA,NA,NA,300
1393,NA,NA,NA,390
1394,NA,NA,NA,410
1395,NA,NA,NA,430
1396,NA,NA,NA,450
1397,NA,NA,NA,490
1398,NA,NA,NA,550
1399,NA,NA,NA,210
1400,NA,NA,NA,230
1401,NA,NA,NA,240
1402,NA,NA,NA,290
1403,NA,NA,NA,310
1404,NA,NA,NA,410
1405,NA,NA,NA,490
1406,NA,NA,NA,500
1407,NA,NA,NA,510
1408,NA,NA,NA,550
1409,NA,NA,NA,570
1410,NA,NA,NA,600
1411,NA,NA,NA,610
1412,NA,NA,NA,730
1413,NA,NA,NA,200
1414,NA,NA,NA,230
1415,NA,NA,NA,260
1416,NA,NA,NA,290
1417,NA,NA,NA,300
1418,NA,NA,NA,330
1419,NA,NA,NA,360
1420,NA,NA,NA,550
1421,NA,NA,NA,160
1422,NA,NA,NA,260
1423,NA,NA,NA,290
1424,NA,NA,NA,410
1425,NA,NA,NA,440
1426,NA,NA,NA,230
1427,NA,NA,NA,260
1428,NA,NA,NA,280
1429,NA,NA,NA,300
1430,NA,NA,NA,370
1431,NA,NA,NA,180
1432,NA,NA,NA,220
1433,NA,NA,NA,240
1434,NA,NA,NA,270
1435,NA,NA,NA,280
1436,NA,NA,NA,300
1437,NA,NA,NA,460
1438,NA,NA,NA,330
1439,NA,NA,NA,340
1440,NA,NA,NA,380
1441,NA,NA,NA,410
1442,NA,NA,NA,430
1443,NA,NA,NA,440
1444,NA,NA,NA,490
1445,NA,NA,NA,510
1446,NA,NA,NA,540
1447,NA,NA,NA,590
1448,NA,NA,NA,640
1449,NA,NA,NA,150
1450,NA,NA,NA,281
1451,NA,NA,NA,240
1452,NA,NA,NA,280
1453,NA,NA,NA,350
1454,NA,NA,NA,390
1455,NA,NA,NA,410
1456,NA,NA,NA,450
1457,NA,NA,NA,470
1458,NA,NA,NA,510
1459,NA,NA,NA,520
1460,NA,NA,NA,540
1461,NA,NA,NA,550
1462,NA,NA,NA,200
1463,NA,NA,NA,250
1464,NA,NA,NA,290
1465,NA,NA,NA,300
1466,NA,NA,NA,330
1467,NA,NA,NA,400
1468,NA,NA,NA,440
1469,NA,NA,NA,190
1470,NA,NA,NA,170
1471,NA,NA,NA,160
1472,NA,NA,NA,240
1473,NA,NA,NA,260
1474,NA,NA,NA,300
1475,NA,NA,NA,330
1476,NA,NA,NA,410
1477,NA,NA,NA,440
1478,NA,NA,NA,460
1479,NA,NA,NA,530
1480,NA,NA,NA,170
1481,NA,NA,NA,180
1482,NA,NA,NA,160
1483,NA,NA,NA,140
1484,NA,NA,NA,300
1485,NA,NA,NA,310
1486,NA,NA,NA,440
1487,NA,NA,NA,260
1488,NA,NA,NA,280
1489,NA,NA,NA,310
1490,NA,NA,NA,410
1491,NA,NA,NA,470
1492,NA,NA,NA,980
1493,NA,NA,NA,230
1494,NA,NA,NA,250
1495,NA,NA,NA,270
1496,NA,NA,NA,280
1497,NA,NA,NA,310
1498,NA,NA,NA,320
1499,NA,NA,NA,380
1500,NA,NA,NA,410
1501,NA,NA,NA,430
1502,NA,NA,NA,540
1503,NA,NA,NA,180
1504,NA,NA,NA,230
1505,NA,NA,NA,240
1506,NA,NA,NA,260
1507,NA,NA,NA,290
1508,NA,NA,NA,300
1509,NA,NA,NA,310
1510,NA,NA,NA,330
1511,NA,NA,NA,410
1512,NA,NA,NA,440
1513,NA,NA,NA,450
1514,NA,NA,NA,480
1515,NA,NA,NA,500
1516,NA,NA,NA,590
1517,NA,NA,NA,170
1518,NA,NA,NA,210
1519,NA,NA,NA,270
1520,NA,NA,NA,330
1521,NA,NA,NA,430
1522,NA,NA,NA,560
1523,NA,NA,NA,280
1524,NA,NA,NA,290
1525,NA,NA,NA,310
1526,NA,NA,NA,320
1527,NA,NA,NA,340
1528,NA,NA,NA,400
1529,NA,NA,NA,430
1530,NA,NA,NA,640
1531,NA,NA,NA,240
1532,NA,NA,NA,280
1533,NA,NA,NA,410
1534,NA,NA,NA,450
1535,NA,NA,NA,170
1536,NA,NA,NA,260
1537,NA,NA,NA,290
1538,NA,NA,NA,310
1539,NA,NA,NA,390
1540,NA,NA,NA,420
1541,NA,NA,NA,470
1542,NA,NA,NA,490
1543,NA,NA,NA,520
1544,NA,NA,NA,550
1545,NA,NA,NA,180
1546,NA,NA,NA,210
1547,NA,NA,NA,320
1548,NA,NA,NA,410
1549,NA,NA,NA,540
1550,NA,NA,NA,1000
1551,NA,NA,NA,798
1552,NA,NA,NA,240
1553,NA,NA,NA,270
1554,NA,NA,NA,290
1555,NA,NA,NA,300
1556,NA,NA,NA,320
1557,NA,NA,NA,400
1558,NA,NA,NA,680
1559,NA,NA,NA,230
1560,NA,NA,NA,240
1561,NA,NA,NA,250
1562,NA,NA,NA,380
1563,NA,NA,NA,420
1564,NA,NA,NA,430
1565,NA,NA,NA,480
1566,NA,NA,NA,580
1567,NA,NA,NA,240
1568,NA,NA,NA,300
1569,NA,NA,NA,330
1570,NA,NA,NA,430
1571,NA,NA,NA,450
1572,NA,NA,NA,470
1573,NA,NA,NA,560
1574,NA,NA,NA,150
1575,NA,NA,NA,160
1576,NA,NA,NA,230
1577,NA,NA,NA,240
1578,NA,NA,NA,260
1579,NA,NA,NA,460
1580,NA,NA,NA,540
1581,NA,NA,NA,190
1582,NA,NA,NA,220
1583,NA,NA,NA,240
1584,NA,NA,NA,250
1585,NA,NA,NA,400
1586,NA,NA,NA,410
1587,NA,NA,NA,420
1588,NA,NA,NA,430
1589,NA,NA,NA,450
1590,NA,NA,NA,480
1591,NA,NA,NA,560
1592,NA,NA,NA,220
1593,NA,NA,NA,230
1594,NA,NA,NA,240
1595,NA,NA,NA,250
1596,NA,NA,NA,300
1597,NA,NA,NA,330
1598,NA,NA,NA,480
1599,NA,NA,NA,500
1600,NA,NA,NA,170
1601,NA,NA,NA,210
1602,NA,NA,NA,260
1603,NA,NA,NA,330
1604,NA,NA,NA,410
1605,NA,NA,NA,430
1606,NA,NA,NA,210
1607,NA,NA,NA,280
1608,NA,NA,NA,430
1609,NA,NA,NA,220
1610,NA,NA,NA,240
1611,NA,NA,NA,250
1612,NA,NA,NA,300
1613,NA,NA,NA,330
1614,NA,NA,NA,440
1615,NA,NA,NA,180
1616,NA,NA,NA,260
1617,NA,NA,NA,270
1618,NA,NA,NA,410
1619,NA,NA,NA,420
1620,NA,NA,NA,430
1621,NA,NA,NA,290
1622,NA,NA,NA,650
1623,NA,NA,NA,210
1624,NA,NA,NA,210
1625,NA,NA,NA,210
1626,NA,NA,NA,210
1627,NA,NA,NA,210
1628,NA,NA,NA,210
1629,NA,NA,NA,220
1630,NA,NA,NA,220
1631,NA,NA,NA,220
1632,NA,NA,NA,220
1633,NA,NA,NA,220
1634,NA,NA,NA,220
1635,NA,NA,NA,220
1636,NA,NA,NA,220
1637,NA,NA,NA,220
1638,NA,NA,NA,220
1639,NA,NA,NA,220
1640,NA,NA,NA,220
1641,NA,NA,NA,220
1642,NA,NA,NA,220
1643,NA,NA,NA,220
1644,NA,NA,NA,220
1645,NA,NA,NA,220
1646,NA,NA,NA,230
1647,NA,NA,NA,230
1648,NA,NA,NA,230
1649,NA,NA,NA,230
1650,NA,NA,NA,230
1651,NA,NA,NA,230
1652,NA,NA,NA,230
1653,NA,NA,NA,230
1654,NA,NA,NA,230
1655,NA,NA,NA,230
1656,NA,NA,NA,230
1657,NA,NA,NA,230
1658,NA,NA,NA,230
1659,NA,NA,NA,230
1660,NA,NA,NA,230
1661,NA,NA,NA,240
1662,NA,NA,NA,240
1663,NA,NA,NA,240
1664,NA,NA,NA,240
1665,NA,NA,NA,240
1666,NA,NA,NA,240
1667,NA,NA,NA,240
1668,NA,NA,NA,240
1669,NA,NA,NA,240
1670,NA,NA,NA,240
1671,NA,NA,NA,240
1672,NA,NA,NA,240
1673,NA,NA,NA,240
1674,NA,NA,NA,240
1675,NA,NA,NA,250
1676,NA,NA,NA,250
1677,NA,NA,NA,250
1678,NA,NA,NA,250
1679,NA,NA,NA,250
1680,NA,NA,NA,250
1681,NA,NA,NA,250
1682,NA,NA,NA,250
1683,NA,NA,NA,250
1684,NA,NA,NA,250
1685,NA,NA,NA,260
1686,NA,NA,NA,260
1687,NA,NA,NA,260
1688,NA,NA,NA,260
1689,NA,NA,NA,260
1690,NA,NA,NA,260
1691,NA,NA,NA,260
1692,NA,NA,NA,270
1693,NA,NA,NA,270
1694,NA,NA,NA,270
1695,NA,NA,NA,270
1696,NA,NA,NA,270
1697,NA,NA,NA,270
1698,NA,NA,NA,270
1699,NA,NA,NA,270
1700,NA,NA,NA,270
1701,NA,NA,NA,270
1702,NA,NA,NA,270
1703,NA,NA,NA,270
1704,NA,NA,NA,270
1705,NA,NA,NA,270
1706,NA,NA,NA,270
1707,NA,NA,NA,270
1708,NA,NA,NA,270
1709,NA,NA,NA,270
1710,NA,NA,NA,280
1711,NA,NA,NA,280
1712,NA,NA,NA,280
1713,NA,NA,NA,280
1714,NA,NA,NA,280
1715,NA,NA,NA,280
1716,NA,NA,NA,280
1717,NA,NA,NA,280
1718,NA,NA,NA,280
1719,NA,NA,NA,290
1720,NA,NA,NA,290
1721,NA,NA,NA,400
1722,NA,NA,NA,400
1723,NA,NA,NA,430
1724,NA,NA,NA,430
1725,NA,NA,NA,430
1726,NA,NA,NA,460
1727,NA,NA,NA,460
1728,NA,NA,NA,460
1729,NA,NA,NA,460
1730,NA,NA,NA,480
1731,NA,NA,NA,480
1732,NA,NA,NA,480
1733,NA,NA,NA,200
1734,NA,NA,NA,200
1735,NA,NA,NA,200
1736,NA,NA,NA,200
1737,NA,NA,NA,210
1738,NA,NA,NA,210
1739,NA,NA,NA,210
1740,NA,NA,NA,210
1741,NA,NA,NA,210
1742,NA,NA,NA,210
1743,NA,NA,NA,210
1744,NA,NA,NA,210
1745,NA,NA,NA,210
1746,NA,NA,NA,210
1747,NA,NA,NA,210
1748,NA,NA,NA,210
1749,NA,NA,NA,210
1750,NA,NA,NA,210
1751,NA,NA,NA,210
1752,NA,NA,NA,220
1753,NA,NA,NA,220
1754,NA,NA,NA,220
1755,NA,NA,NA,220
1756,NA,NA,NA,220
1757,NA,NA,NA,220
1758,NA,NA,NA,220
1759,NA,NA,NA,220
1760,NA,NA,NA,220
1761,NA,NA,NA,220
1762,NA,NA,NA,220
1763,NA,NA,NA,220
1764,NA,NA,NA,220
1765,NA,NA,NA,220
1766,NA,NA,NA,220
1767,NA,NA,NA,220
1768,NA,NA,NA,220
1769,NA,NA,NA,220
1770,NA,NA,NA,220
1771,NA,NA,NA,220
1772,NA,NA,NA,220
1773,NA,NA,NA,220
1774,NA,NA,NA,230
1775,NA,NA,NA,230
1776,NA,NA,NA,230
1777,NA,NA,NA,230
1778,NA,NA,NA,230
1779,NA,NA,NA,230
1780,NA,NA,NA,230
1781,NA,NA,NA,230
1782,NA,NA,NA,230
1783,NA,NA,NA,230
1784,NA,NA,NA,230
1785,NA,NA,NA,230
1786,NA,NA,NA,230
1787,NA,NA,NA,230
1788,NA,NA,NA,230
1789,NA,NA,NA,230
1790,NA,NA,NA,230
1791,NA,NA,NA,230
1792,NA,NA,NA,230
1793,NA,NA,NA,230
1794,NA,NA,NA,240
1795,NA,NA,NA,240
1796,NA,NA,NA,240
1797,NA,NA,NA,240
1798,NA,NA,NA,240
1799,NA,NA,NA,250
1800,NA,NA,NA,250
1801,NA,NA,NA,250
1802,NA,NA,NA,260
1803,NA,NA,NA,260
1804,NA,NA,NA,260
1805,NA,NA,NA,260
1806,NA,NA,NA,260
1807,NA,NA,NA,260
1808,NA,NA,NA,270
1809,NA,NA,NA,270
1810,NA,NA,NA,270
1811,NA,NA,NA,270
1812,NA,NA,NA,270
1813,NA,NA,NA,290
1814,NA,NA,NA,290
1815,NA,NA,NA,290
1816,NA,NA,NA,160
1817,NA,NA,NA,160
1818,NA,NA,NA,170
1819,NA,NA,NA,170
1820,NA,NA,NA,170
1821,NA,NA,NA,170
1822,NA,NA,NA,170
1823,NA,NA,NA,180
1824,NA,NA,NA,180
1825,NA,NA,NA,230
1826,NA,NA,NA,230
1827,NA,NA,NA,430
1828,NA,NA,NA,430
1829,NA,NA,NA,220
1830,NA,NA,NA,220
1831,NA,NA,NA,170
1832,NA,NA,NA,170
1833,NA,NA,NA,220
1834,NA,NA,NA,220
1835,NA,NA,NA,230
1836,NA,NA,NA,230
1837,NA,NA,NA,230
1838,NA,NA,NA,240
1839,NA,NA,NA,240
1840,NA,NA,NA,240
1841,NA,NA,NA,240
1842,NA,NA,NA,220
1843,NA,NA,NA,220
1844,NA,NA,NA,230
1845,NA,NA,NA,230
1846,NA,NA,NA,270
1847,NA,NA,NA,270
1848,NA,NA,NA,280
1849,NA,NA,NA,280
1850,NA,NA,NA,280
1851,NA,NA,NA,290
1852,NA,NA,NA,290
1853,NA,NA,NA,210
1854,NA,NA,NA,210
1855,NA,NA,NA,220
1856,NA,NA,NA,220
1857,NA,NA,NA,220
1858,NA,NA,NA,220
1859,NA,NA,NA,220
1860,NA,NA,NA,220
1861,NA,NA,NA,220
1862,NA,NA,NA,220
1863,NA,NA,NA,220
1864,NA,NA,NA,220
1865,NA,NA,NA,220
1866,NA,NA,NA,230
1867,NA,NA,NA,230
1868,NA,NA,NA,230
1869,NA,NA,NA,230
1870,NA,NA,NA,230
1871,NA,NA,NA,230
1872,NA,NA,NA,230
1873,NA,NA,NA,230
1874,NA,NA,NA,230
1875,NA,NA,NA,230
1876,NA,NA,NA,230
1877,NA,NA,NA,230
1878,NA,NA,NA,230
1879,NA,NA,NA,240
1880,NA,NA,NA,240
1881,NA,NA,NA,240
1882,NA,NA,NA,240
1883,NA,NA,NA,250
1884,NA,NA,NA,250
1885,NA,NA,NA,250
1886,NA,NA,NA,250
1887,NA,NA,NA,250
1888,NA,NA,NA,250
1889,NA,NA,NA,250
1890,NA,NA,NA,250
1891,NA,NA,NA,260
1892,NA,NA,NA,260
1893,NA,NA,NA,260
1894,NA,NA,NA,260
1895,NA,NA,NA,260
1896,NA,NA,NA,260
1897,NA,NA,NA,260
1898,NA,NA,NA,270
1899,NA,NA,NA,270
1900,NA,NA,NA,270
1901,NA,NA,NA,270
1902,NA,NA,NA,270
1903,NA,NA,NA,270
1904,NA,NA,NA,270
1905,NA,NA,NA,270
1906,NA,NA,NA,270
1907,NA,NA,NA,270
1908,NA,NA,NA,280
1909,NA,NA,NA,280
1910,NA,NA,NA,280
1911,NA,NA,NA,280
1912,NA,NA,NA,280
1913,NA,NA,NA,280
1914,NA,NA,NA,280
1915,NA,NA,NA,280
1916,NA,NA,NA,290
1917,NA,NA,NA,290
1918,NA,NA,NA,290
1919,NA,NA,NA,290
1920,NA,NA,NA,300
1921,NA,NA,NA,300
1922,NA,NA,NA,300
1923,NA,NA,NA,330
1924,NA,NA,NA,330
1925,NA,NA,NA,440
1926,NA,NA,NA,440
1927,NA,NA,NA,440
1928,NA,NA,NA,440
1929,NA,NA,NA,180
1930,NA,NA,NA,180
1931,NA,NA,NA,180
1932,NA,NA,NA,220
1933,NA,NA,NA,220
1934,NA,NA,NA,230
1935,NA,NA,NA,230
1936,NA,NA,NA,250
1937,NA,NA,NA,250
1938,NA,NA,NA,270
1939,NA,NA,NA,270
1940,NA,NA,NA,270
1941,NA,NA,NA,270
1942,NA,NA,NA,280
1943,NA,NA,NA,280
1944,NA,NA,NA,280
1945,NA,NA,NA,290
1946,NA,NA,NA,290
1947,NA,NA,NA,390
1948,NA,NA,NA,390
1949,NA,NA,NA,420
1950,NA,NA,NA,420
1951,NA,NA,NA,220
1952,NA,NA,NA,220
1953,NA,NA,NA,220
1954,NA,NA,NA,220
1955,NA,NA,NA,240
1956,NA,NA,NA,240
1957,NA,NA,NA,170
1958,NA,NA,NA,170
1959,NA,NA,NA,180
1960,NA,NA,NA,180
1961,NA,NA,NA,180
1962,NA,NA,NA,220
1963,NA,NA,NA,220
1964,NA,NA,NA,220
1965,NA,NA,NA,220
1966,NA,NA,NA,220
1967,NA,NA,NA,220
1968,NA,NA,NA,220
1969,NA,NA,NA,220
1970,NA,NA,NA,220
1971,NA,NA,NA,220
1972,NA,NA,NA,220
1973,NA,NA,NA,230
1974,NA,NA,NA,230
1975,NA,NA,NA,270
1976,NA,NA,NA,270
1977,NA,NA,NA,280
1978,NA,NA,NA,280
1979,NA,NA,NA,210
1980,NA,NA,NA,210
1981,NA,NA,NA,210
1982,NA,NA,NA,220
1983,NA,NA,NA,220
1984,NA,NA,NA,220
1985,NA,NA,NA,220
1986,NA,NA,NA,220
1987,NA,NA,NA,220
1988,NA,NA,NA,220
1989,NA,NA,NA,220
1990,NA,NA,NA,220
1991,NA,NA,NA,220
1992,NA,NA,NA,220
1993,NA,NA,NA,220
1994,NA,NA,NA,230
1995,NA,NA,NA,230
1996,NA,NA,NA,230
1997,NA,NA,NA,230
1998,NA,NA,NA,230
1999,NA,NA,NA,230
2000,NA,NA,NA,230
2001,NA,NA,NA,230
2002,NA,NA,NA,240
2003,NA,NA,NA,240
2004,NA,NA,NA,240
2005,NA,NA,NA,240
2006,NA,NA,NA,240
2007,NA,NA,NA,240
2008,NA,NA,NA,240
2009,NA,NA,NA,240
2010,NA,NA,NA,240
2011,NA,NA,NA,250
2012,NA,NA,NA,250
2013,NA,NA,NA,250
2014,NA,NA,NA,250
2015,NA,NA,NA,250
2016,NA,NA,NA,260
2017,NA,NA,NA,260
2018,NA,NA,NA,260
2019,NA,NA,NA,260
2020,NA,NA,NA,260
2021,NA,NA,NA,260
2022,NA,NA,NA,260
2023,NA,NA,NA,270
2024,NA,NA,NA,270
2025,NA,NA,NA,270
2026,NA,NA,NA,270
2027,NA,NA,NA,270
2028,NA,NA,NA,270
2029,NA,NA,NA,270
2030,NA,NA,NA,270
2031,NA,NA,NA,270
2032,NA,NA,NA,270
2033,NA,NA,NA,270
2034,NA,NA,NA,270
2035,NA,NA,NA,270
2036,NA,NA,NA,270
2037,NA,NA,NA,280
2038,NA,NA,NA,280
2039,NA,NA,NA,280
2040,NA,NA,NA,280
2041,NA,NA,NA,280
2042,NA,NA,NA,290
2043,NA,NA,NA,290
2044,NA,NA,NA,530
2045,NA,NA,NA,530
2046,NA,NA,NA,230
2047,NA,NA,NA,230
2048,NA,NA,NA,230
2049,NA,NA,NA,270
2050,NA,NA,NA,270
2051,NA,NA,NA,270
2052,NA,NA,NA,280
2053,NA,NA,NA,280
2054,NA,NA,NA,170
2055,NA,NA,NA,170
2056,NA,NA,NA,220
2057,NA,NA,NA,220
2058,NA,NA,NA,220
2059,NA,NA,NA,220
2060,NA,NA,NA,250
2061,NA,NA,NA,250
2062,NA,NA,NA,270
2063,NA,NA,NA,270
2064,NA,NA,NA,280
2065,NA,NA,NA,280
2066,NA,NA,NA,290
2067,NA,NA,NA,290
2068,NA,NA,NA,220
2069,NA,NA,NA,220
2070,NA,NA,NA,230
2071,NA,NA,NA,230
2072,NA,NA,NA,230
2073,NA,NA,NA,270
2074,NA,NA,NA,270
2075,NA,NA,NA,430
2076,NA,NA,NA,430
2077,NA,NA,NA,210
2078,NA,NA,NA,210
2079,NA,NA,NA,230
2080,NA,NA,NA,230
2081,NA,NA,NA,230
2082,NA,NA,NA,240
2083,NA,NA,NA,240
2084,NA,NA,NA,260
2085,NA,NA,NA,260
2086,NA,NA,NA,280
2087,NA,NA,NA,280
2088,NA,NA,NA,280
2089,NA,NA,NA,160
2090,NA,NA,NA,160
2091,NA,NA,NA,160
2092,NA,NA,NA,210
2093,NA,NA,NA,210
2094,NA,NA,NA,210
2095,NA,NA,NA,220
2096,NA,NA,NA,220
2097,NA,NA,NA,300
2098,NA,NA,NA,300
2099,NA,NA,NA,410
2100,NA,NA,NA,410
2101,NA,NA,NA,410
2102,NA,NA,NA,410
2103,NA,NA,NA,470
2104,NA,NA,NA,470
2105,NA,NA,NA,160
2106,NA,NA,NA,160
2107,NA,NA,NA,200
2108,NA,NA,NA,200
2109,NA,NA,NA,200
2110,NA,NA,NA,200
2111,NA,NA,NA,210
2112,NA,NA,NA,210
2113,NA,NA,NA,210
2114,NA,NA,NA,210
2115,NA,NA,NA,220
2116,NA,NA,NA,220
2117,NA,NA,NA,220
2118,NA,NA,NA,220
2119,NA,NA,NA,220
2120,NA,NA,NA,220
2121,NA,NA,NA,220
2122,NA,NA,NA,220
2123,NA,NA,NA,220
2124,NA,NA,NA,220
2125,NA,NA,NA,230
2126,NA,NA,NA,230
2127,NA,NA,NA,230
2128,NA,NA,NA,230
2129,NA,NA,NA,230
2130,NA,NA,NA,230
2131,NA,NA,NA,230
2132,NA,NA,NA,230
2133,NA,NA,NA,230
2134,NA,NA,NA,230
2135,NA,NA,NA,230
2136,NA,NA,NA,230
2137,NA,NA,NA,240
2138,NA,NA,NA,240
2139,NA,NA,NA,240
2140,NA,NA,NA,240
2141,NA,NA,NA,240
2142,NA,NA,NA,240
2143,NA,NA,NA,250
2144,NA,NA,NA,250
2145,NA,NA,NA,250
2146,NA,NA,NA,250
2147,NA,NA,NA,250
2148,NA,NA,NA,250
2149,NA,NA,NA,250
2150,NA,NA,NA,260
2151,NA,NA,NA,260
2152,NA,NA,NA,260
2153,NA,NA,NA,260
2154,NA,NA,NA,260
2155,NA,NA,NA,260
2156,NA,NA,NA,260
2157,NA,NA,NA,260
2158,NA,NA,NA,270
2159,NA,NA,NA,270
2160,NA,NA,NA,270
2161,NA,NA,NA,270
2162,NA,NA,NA,270
2163,NA,NA,NA,270
2164,NA,NA,NA,280
2165,NA,NA,NA,280
2166,NA,NA,NA,280
2167,NA,NA,NA,280
2168,NA,NA,NA,280
2169,NA,NA,NA,280
2170,NA,NA,NA,280
2171,NA,NA,NA,280
2172,NA,NA,NA,290
2173,NA,NA,NA,290
2174,NA,NA,NA,290
2175,NA,NA,NA,290
2176,NA,NA,NA,290
2177,NA,NA,NA,290
2178,NA,NA,NA,300
2179,NA,NA,NA,300
2180,NA,NA,NA,300
2181,NA,NA,NA,280
2182,NA,NA,NA,280
2183,NA,NA,NA,230
2184,NA,NA,NA,230
2185,NA,NA,NA,260
2186,NA,NA,NA,260
2187,NA,NA,NA,290
2188,NA,NA,NA,290
2189,NA,NA,NA,280
2190,NA,NA,NA,280
2191,NA,NA,NA,200
2192,NA,NA,NA,200
2193,NA,NA,NA,220
2194,NA,NA,NA,220
2195,NA,NA,NA,230
2196,NA,NA,NA,230
2197,NA,NA,NA,240
2198,NA,NA,NA,240
2199,NA,NA,NA,160
2200,NA,NA,NA,160
2201,NA,NA,NA,170
2202,NA,NA,NA,170
2203,NA,NA,NA,230
2204,NA,NA,NA,230
2205,NA,NA,NA,200
2206,NA,NA,NA,200
2207,NA,NA,NA,210
2208,NA,NA,NA,210
2209,NA,NA,NA,210
2210,NA,NA,NA,210
2211,NA,NA,NA,210
2212,NA,NA,NA,210
2213,NA,NA,NA,210
2214,NA,NA,NA,210
2215,NA,NA,NA,220
2216,NA,NA,NA,220
2217,NA,NA,NA,220
2218,NA,NA,NA,220
2219,NA,NA,NA,220
2220,NA,NA,NA,220
2221,NA,NA,NA,220
2222,NA,NA,NA,220
2223,NA,NA,NA,220
2224,NA,NA,NA,220
2225,NA,NA,NA,220
2226,NA,NA,NA,230
2227,NA,NA,NA,230
2228,NA,NA,NA,230
2229,NA,NA,NA,230
2230,NA,NA,NA,230
2231,NA,NA,NA,230
2232,NA,NA,NA,230
2233,NA,NA,NA,230
2234,NA,NA,NA,230
2235,NA,NA,NA,230
2236,NA,NA,NA,230
2237,NA,NA,NA,240
2238,NA,NA,NA,240
2239,NA,NA,NA,240
2240,NA,NA,NA,240
2241,NA,NA,NA,240
2242,NA,NA,NA,240
2243,NA,NA,NA,240
2244,NA,NA,NA,240
2245,NA,NA,NA,240
2246,NA,NA,NA,250
2247,NA,NA,NA,250
2248,NA,NA,NA,250
2249,NA,NA,NA,250
2250,NA,NA,NA,250
2251,NA,NA,NA,250
2252,NA,NA,NA,250
2253,NA,NA,NA,250
2254,NA,NA,NA,250
2255,NA,NA,NA,250
2256,NA,NA,NA,250
2257,NA,NA,NA,250
2258,NA,NA,NA,260
2259,NA,NA,NA,260
2260,NA,NA,NA,260
2261,NA,NA,NA,260
2262,NA,NA,NA,260
2263,NA,NA,NA,260
2264,NA,NA,NA,260
2265,NA,NA,NA,260
2266,NA,NA,NA,260
2267,NA,NA,NA,260
2268,NA,NA,NA,260
2269,NA,NA,NA,260
2270,NA,NA,NA,260
2271,NA,NA,NA,270
2272,NA,NA,NA,270
2273,NA,NA,NA,270
2274,NA,NA,NA,270
2275,NA,NA,NA,270
2276,NA,NA,NA,270
2277,NA,NA,NA,270
2278,NA,NA,NA,270
2279,NA,NA,NA,270
2280,NA,NA,NA,270
2281,NA,NA,NA,270
2282,NA,NA,NA,280
2283,NA,NA,NA,280
2284,NA,NA,NA,280
2285,NA,NA,NA,280
2286,NA,NA,NA,280
2287,NA,NA,NA,280
2288,NA,NA,NA,280
2289,NA,NA,NA,290
2290,NA,NA,NA,290
2291,NA,NA,NA,290
2292,NA,NA,NA,300
2293,NA,NA,NA,300
2294,NA,NA,NA,300
2295,NA,NA,NA,420
2296,NA,NA,NA,420
2297,NA,NA,NA,200
2298,NA,NA,NA,200
2299,NA,NA,NA,210
2300,NA,NA,NA,210
2301,NA,NA,NA,210
2302,NA,NA,NA,220
2303,NA,NA,NA,220
2304,NA,NA,NA,220
2305,NA,NA,NA,220
2306,NA,NA,NA,220
2307,NA,NA,NA,220
2308,NA,NA,NA,220
2309,NA,NA,NA,220
2310,NA,NA,NA,220
2311,NA,NA,NA,230
2312,NA,NA,NA,230
2313,NA,NA,NA,230
2314,NA,NA,NA,230
2315,NA,NA,NA,240
2316,NA,NA,NA,240
2317,NA,NA,NA,240
2318,NA,NA,NA,240
2319,NA,NA,NA,240
2320,NA,NA,NA,270
2321,NA,NA,NA,270
2322,NA,NA,NA,150
2323,NA,NA,NA,150
2324,NA,NA,NA,200
2325,NA,NA,NA,200
2326,NA,NA,NA,200
2327,NA,NA,NA,200
2328,NA,NA,NA,200
2329,NA,NA,NA,200
2330,NA,NA,NA,200
2331,NA,NA,NA,210
2332,NA,NA,NA,210
2333,NA,NA,NA,210
2334,NA,NA,NA,210
2335,NA,NA,NA,210
2336,NA,NA,NA,210
2337,NA,NA,NA,210
2338,NA,NA,NA,210
2339,NA,NA,NA,210
2340,NA,NA,NA,210
2341,NA,NA,NA,210
2342,NA,NA,NA,210
2343,NA,NA,NA,210
2344,NA,NA,NA,210
2345,NA,NA,NA,210
2346,NA,NA,NA,210
2347,NA,NA,NA,210
2348,NA,NA,NA,210
2349,NA,NA,NA,210
2350,NA,NA,NA,210
2351,NA,NA,NA,210
2352,NA,NA,NA,210
2353,NA,NA,NA,210
2354,NA,NA,NA,210
2355,NA,NA,NA,210
2356,NA,NA,NA,210
2357,NA,NA,NA,210
2358,NA,NA,NA,210
2359,NA,NA,NA,210
2360,NA,NA,NA,220
2361,NA,NA,NA,220
2362,NA,NA,NA,220
2363,NA,NA,NA,220
2364,NA,NA,NA,220
2365,NA,NA,NA,220
2366,NA,NA,NA,220
2367,NA,NA,NA,220
2368,NA,NA,NA,220
2369,NA,NA,NA,220
2370,NA,NA,NA,220
2371,NA,NA,NA,220
2372,NA,NA,NA,220
2373,NA,NA,NA,220
2374,NA,NA,NA,220
2375,NA,NA,NA,220
2376,NA,NA,NA,220
2377,NA,NA,NA,220
2378,NA,NA,NA,220
2379,NA,NA,NA,220
2380,NA,NA,NA,220
2381,NA,NA,NA,220
2382,NA,NA,NA,220
2383,NA,NA,NA,220
2384,NA,NA,NA,220
2385,NA,NA,NA,220
2386,NA,NA,NA,220
2387,NA,NA,NA,230
2388,NA,NA,NA,230
2389,NA,NA,NA,230
2390,NA,NA,NA,230
2391,NA,NA,NA,230
2392,NA,NA,NA,230
2393,NA,NA,NA,230
2394,NA,NA,NA,230
2395,NA,NA,NA,230
2396,NA,NA,NA,230
2397,NA,NA,NA,230
2398,NA,NA,NA,230
2399,NA,NA,NA,230
2400,NA,NA,NA,230
2401,NA,NA,NA,240
2402,NA,NA,NA,240
2403,NA,NA,NA,240
2404,NA,NA,NA,240
2405,NA,NA,NA,240
2406,NA,NA,NA,240
2407,NA,NA,NA,240
2408,NA,NA,NA,240
2409,NA,NA,NA,240
2410,NA,NA,NA,240
2411,NA,NA,NA,240
2412,NA,NA,NA,240
2413,NA,NA,NA,240
2414,NA,NA,NA,250
2415,NA,NA,NA,250
2416,NA,NA,NA,250
2417,NA,NA,NA,250
2418,NA,NA,NA,250
2419,NA,NA,NA,250
2420,NA,NA,NA,260
2421,NA,NA,NA,260
2422,NA,NA,NA,260
2423,NA,NA,NA,260
2424,NA,NA,NA,260
2425,NA,NA,NA,260
2426,NA,NA,NA,260
2427,NA,NA,NA,260
2428,NA,NA,NA,270
2429,NA,NA,NA,270
2430,NA,NA,NA,270
2431,NA,NA,NA,270
2432,NA,NA,NA,270
2433,NA,NA,NA,280
2434,NA,NA,NA,280
2435,NA,NA,NA,280
2436,NA,NA,NA,280
2437,NA,NA,NA,180
2438,NA,NA,NA,180
2439,NA,NA,NA,180
2440,NA,NA,NA,160
2441,NA,NA,NA,160
2442,NA,NA,NA,170
2443,NA,NA,NA,170
2444,NA,NA,NA,290
2445,NA,NA,NA,290
2446,NA,NA,NA,260
2447,NA,NA,NA,260
2448,NA,NA,NA,210
2449,NA,NA,NA,210
2450,NA,NA,NA,230
2451,NA,NA,NA,230
2452,NA,NA,NA,230
2453,NA,NA,NA,230
2454,NA,NA,NA,260
2455,NA,NA,NA,260
2456,NA,NA,NA,260
2457,NA,NA,NA,260
2458,NA,NA,NA,270
2459,NA,NA,NA,270
2460,NA,NA,NA,280
2461,NA,NA,NA,280
2462,NA,NA,NA,280
2463,NA,NA,NA,280
2464,NA,NA,NA,290
2465,NA,NA,NA,290
2466,NA,NA,NA,260
2467,NA,NA,NA,260
2468,NA,NA,NA,210
2469,NA,NA,NA,210
2470,NA,NA,NA,230
2471,NA,NA,NA,230
2472,NA,NA,NA,230
2473,NA,NA,NA,230
2474,NA,NA,NA,280
2475,NA,NA,NA,280
2476,NA,NA,NA,290
2477,NA,NA,NA,290
2478,NA,NA,NA,290
2479,NA,NA,NA,290
2480,NA,NA,NA,240
2481,NA,NA,NA,240
2482,NA,NA,NA,240
2483,NA,NA,NA,250
2484,NA,NA,NA,250
2485,NA,NA,NA,260
2486,NA,NA,NA,260
2487,NA,NA,NA,260
2488,NA,NA,NA,270
2489,NA,NA,NA,270
2490,NA,NA,NA,270
2491,NA,NA,NA,270
2492,NA,NA,NA,270
2493,NA,NA,NA,210
2494,NA,NA,NA,210
2495,NA,NA,NA,210
2496,NA,NA,NA,210
2497,NA,NA,NA,210
2498,NA,NA,NA,210
2499,NA,NA,NA,210
2500,NA,NA,NA,220
2501,NA,NA,NA,220
2502,NA,NA,NA,220
2503,NA,NA,NA,220
2504,NA,NA,NA,220
2505,NA,NA,NA,220
2506,NA,NA,NA,220
2507,NA,NA,NA,220
2508,NA,NA,NA,220
2509,NA,NA,NA,220
2510,NA,NA,NA,220
2511,NA,NA,NA,220
2512,NA,NA,NA,230
2513,NA,NA,NA,230
2514,NA,NA,NA,230
2515,NA,NA,NA,230
2516,NA,NA,NA,230
2517,NA,NA,NA,230
2518,NA,NA,NA,230
2519,NA,NA,NA,230
2520,NA,NA,NA,230
2521,NA,NA,NA,230
2522,NA,NA,NA,230
2523,NA,NA,NA,230
2524,NA,NA,NA,240
2525,NA,NA,NA,240
2526,NA,NA,NA,240
2527,NA,NA,NA,240
2528,NA,NA,NA,240
2529,NA,NA,NA,240
2530,NA,NA,NA,240
2531,NA,NA,NA,240
2532,NA,NA,NA,240
2533,NA,NA,NA,240
2534,NA,NA,NA,240
2535,NA,NA,NA,240
2536,NA,NA,NA,240
2537,NA,NA,NA,240
2538,NA,NA,NA,240
2539,NA,NA,NA,240
2540,NA,NA,NA,240
2541,NA,NA,NA,250
2542,NA,NA,NA,250
2543,NA,NA,NA,250
2544,NA,NA,NA,250
2545,NA,NA,NA,250
2546,NA,NA,NA,250
2547,NA,NA,NA,260
2548,NA,NA,NA,260
2549,NA,NA,NA,260
2550,NA,NA,NA,260
2551,NA,NA,NA,260
2552,NA,NA,NA,260
2553,NA,NA,NA,260
2554,NA,NA,NA,260
2555,NA,NA,NA,260
2556,NA,NA,NA,260
2557,NA,NA,NA,260
2558,NA,NA,NA,270
2559,NA,NA,NA,270
2560,NA,NA,NA,270
2561,NA,NA,NA,270
2562,NA,NA,NA,270
2563,NA,NA,NA,270
2564,NA,NA,NA,270
2565,NA,NA,NA,270
2566,NA,NA,NA,270
2567,NA,NA,NA,270
2568,NA,NA,NA,270
2569,NA,NA,NA,270
2570,NA,NA,NA,270
2571,NA,NA,NA,270
2572,NA,NA,NA,280
2573,NA,NA,NA,280
2574,NA,NA,NA,280
2575,NA,NA,NA,280
2576,NA,NA,NA,280
2577,NA,NA,NA,280
2578,NA,NA,NA,290
2579,NA,NA,NA,290
2580,NA,NA,NA,300
2581,NA,NA,NA,300
2582,NA,NA,NA,220
2583,NA,NA,NA,220
2584,NA,NA,NA,220
2585,NA,NA,NA,230
2586,NA,NA,NA,230
2587,NA,NA,NA,230
2588,NA,NA,NA,230
2589,NA,NA,NA,240
2590,NA,NA,NA,240
2591,NA,NA,NA,240
2592,NA,NA,NA,260
2593,NA,NA,NA,260
2594,NA,NA,NA,260
2595,NA,NA,NA,260
2596,NA,NA,NA,210
2597,NA,NA,NA,210
2598,NA,NA,NA,210
2599,NA,NA,NA,230
2600,NA,NA,NA,230
2601,NA,NA,NA,230
2602,NA,NA,NA,230
2603,NA,NA,NA,230
2604,NA,NA,NA,170
2605,NA,NA,NA,170
2606,NA,NA,NA,170
2607,NA,NA,NA,180
2608,NA,NA,NA,180
2609,NA,NA,NA,190
2610,NA,NA,NA,190
2611,NA,NA,NA,160
2612,NA,NA,NA,160
2613,NA,NA,NA,220
2614,NA,NA,NA,220
2615,NA,NA,NA,260
2616,NA,NA,NA,260
2617,NA,NA,NA,160
2618,NA,NA,NA,160
2619,NA,NA,NA,230
2620,NA,NA,NA,230
2621,NA,NA,NA,210
2622,NA,NA,NA,210
2623,NA,NA,NA,210
2624,NA,NA,NA,230
2625,NA,NA,NA,230
2626,NA,NA,NA,230
2627,NA,NA,NA,230
2628,NA,NA,NA,240
2629,NA,NA,NA,240
2630,NA,NA,NA,260
2631,NA,NA,NA,260
2632,NA,NA,NA,280
2633,NA,NA,NA,280
2634,NA,NA,NA,220
2635,NA,NA,NA,220
2636,NA,NA,NA,230
2637,NA,NA,NA,230
2638,NA,NA,NA,270
2639,NA,NA,NA,270
2640,NA,NA,NA,270
2641,NA,NA,NA,270
2642,NA,NA,NA,170
2643,NA,NA,NA,170
2644,NA,NA,NA,210
2645,NA,NA,NA,210
2646,NA,NA,NA,220
2647,NA,NA,NA,220
2648,NA,NA,NA,220
2649,NA,NA,NA,230
2650,NA,NA,NA,230
2651,NA,NA,NA,240
2652,NA,NA,NA,240
2653,NA,NA,NA,240
2654,NA,NA,NA,210
2655,NA,NA,NA,210
2656,NA,NA,NA,220
2657,NA,NA,NA,220
2658,NA,NA,NA,220
2659,NA,NA,NA,230
2660,NA,NA,NA,230
2661,NA,NA,NA,230
2662,NA,NA,NA,230
2663,NA,NA,NA,230
2664,NA,NA,NA,270
2665,NA,NA,NA,270
2666,NA,NA,NA,270
2667,NA,NA,NA,210
2668,NA,NA,NA,210
2669,NA,NA,NA,170
2670,NA,NA,NA,170
2671,NA,NA,NA,170
2672,NA,NA,NA,160
2673,NA,NA,NA,160
2674,NA,NA,NA,160
2675,NA,NA,NA,160
2676,NA,NA,NA,180
2677,NA,NA,NA,180
2678,NA,NA,NA,180
2679,NA,NA,NA,190
2680,NA,NA,NA,190
2681,NA,NA,NA,170
2682,NA,NA,NA,170
2683,NA,NA,NA,180
2684,NA,NA,NA,180
2685,NA,NA,NA,200
2686,NA,NA,NA,200
2687,NA,NA,NA,210
2688,NA,NA,NA,210
2689,NA,NA,NA,210
2690,NA,NA,NA,210
2691,NA,NA,NA,210
2692,NA,NA,NA,210
2693,NA,NA,NA,220
2694,NA,NA,NA,220
2695,NA,NA,NA,220
2696,NA,NA,NA,220
2697,NA,NA,NA,220
2698,NA,NA,NA,220
2699,NA,NA,NA,220
2700,NA,NA,NA,220
2701,NA,NA,NA,220
2702,NA,NA,NA,220
2703,NA,NA,NA,220
2704,NA,NA,NA,230
2705,NA,NA,NA,230
2706,NA,NA,NA,230
2707,NA,NA,NA,230
2708,NA,NA,NA,230
2709,NA,NA,NA,230
2710,NA,NA,NA,230
2711,NA,NA,NA,230
2712,NA,NA,NA,230
2713,NA,NA,NA,230
2714,NA,NA,NA,230
2715,NA,NA,NA,230
2716,NA,NA,NA,240
2717,NA,NA,NA,240
2718,NA,NA,NA,240
2719,NA,NA,NA,240
2720,NA,NA,NA,240
2721,NA,NA,NA,250
2722,NA,NA,NA,250
2723,NA,NA,NA,250
2724,NA,NA,NA,250
2725,NA,NA,NA,250
2726,NA,NA,NA,250
2727,NA,NA,NA,260
2728,NA,NA,NA,260
2729,NA,NA,NA,260
2730,NA,NA,NA,260
2731,NA,NA,NA,260
2732,NA,NA,NA,260
2733,NA,NA,NA,260
2734,NA,NA,NA,260
2735,NA,NA,NA,260
2736,NA,NA,NA,260
2737,NA,NA,NA,260
2738,NA,NA,NA,270
2739,NA,NA,NA,270
2740,NA,NA,NA,270
2741,NA,NA,NA,280
2742,NA,NA,NA,280
2743,NA,NA,NA,280
2744,NA,NA,NA,280
2745,NA,NA,NA,280
2746,NA,NA,NA,280
2747,NA,NA,NA,280
2748,NA,NA,NA,320
2749,NA,NA,NA,320
2750,NA,NA,NA,210
2751,NA,NA,NA,210
2752,NA,NA,NA,210
2753,NA,NA,NA,220
2754,NA,NA,NA,220
2755,NA,NA,NA,220
2756,NA,NA,NA,220
2757,NA,NA,NA,220
2758,NA,NA,NA,230
2759,NA,NA,NA,230
2760,NA,NA,NA,230
2761,NA,NA,NA,240
2762,NA,NA,NA,240
2763,NA,NA,NA,240
2764,NA,NA,NA,240
2765,NA,NA,NA,240
2766,NA,NA,NA,240
2767,NA,NA,NA,240
2768,NA,NA,NA,250
2769,NA,NA,NA,250
2770,NA,NA,NA,250
2771,NA,NA,NA,260
2772,NA,NA,NA,260
2773,NA,NA,NA,300
2774,NA,NA,NA,300
2775,NA,NA,NA,280
2776,NA,NA,NA,280
2777,NA,NA,NA,280
2778,NA,NA,NA,280
2779,NA,NA,NA,280
2780,NA,NA,NA,280
2781,NA,NA,NA,280
2782,NA,NA,NA,220
2783,NA,NA,NA,220
2784,NA,NA,NA,220
2785,NA,NA,NA,220
2786,NA,NA,NA,230
2787,NA,NA,NA,230
2788,NA,NA,NA,220
2789,NA,NA,NA,220
2790,NA,NA,NA,210
2791,NA,NA,NA,210
2792,NA,NA,NA,210
2793,NA,NA,NA,220
2794,NA,NA,NA,220
2795,NA,NA,NA,220
2796,NA,NA,NA,220
2797,NA,NA,NA,220
2798,NA,NA,NA,220
2799,NA,NA,NA,220
2800,NA,NA,NA,220
2801,NA,NA,NA,220
2802,NA,NA,NA,220
2803,NA,NA,NA,220
2804,NA,NA,NA,220
2805,NA,NA,NA,220
2806,NA,NA,NA,230
2807,NA,NA,NA,230
2808,NA,NA,NA,230
2809,NA,NA,NA,230
2810,NA,NA,NA,230
2811,NA,NA,NA,230
2812,NA,NA,NA,230
2813,NA,NA,NA,230
2814,NA,NA,NA,230
2815,NA,NA,NA,230
2816,NA,NA,NA,230
2817,NA,NA,NA,230
2818,NA,NA,NA,230
2819,NA,NA,NA,230
2820,NA,NA,NA,230
2821,NA,NA,NA,230
2822,NA,NA,NA,230
2823,NA,NA,NA,240
2824,NA,NA,NA,240
2825,NA,NA,NA,240
2826,NA,NA,NA,240
2827,NA,NA,NA,240
2828,NA,NA,NA,240
2829,NA,NA,NA,240
2830,NA,NA,NA,240
2831,NA,NA,NA,240
2832,NA,NA,NA,240
2833,NA,NA,NA,240
2834,NA,NA,NA,240
2835,NA,NA,NA,240
2836,NA,NA,NA,240
2837,NA,NA,NA,240
2838,NA,NA,NA,240
2839,NA,NA,NA,240
2840,NA,NA,NA,250
2841,NA,NA,NA,250
2842,NA,NA,NA,250
2843,NA,NA,NA,250
2844,NA,NA,NA,250
2845,NA,NA,NA,250
2846,NA,NA,NA,250
2847,NA,NA,NA,250
2848,NA,NA,NA,250
2849,NA,NA,NA,250
2850,NA,NA,NA,250
2851,NA,NA,NA,260
2852,NA,NA,NA,260
2853,NA,NA,NA,260
2854,NA,NA,NA,260
2855,NA,NA,NA,260
2856,NA,NA,NA,260
2857,NA,NA,NA,260
2858,NA,NA,NA,260
2859,NA,NA,NA,260
2860,NA,NA,NA,260
2861,NA,NA,NA,260
2862,NA,NA,NA,260
2863,NA,NA,NA,260
2864,NA,NA,NA,270
2865,NA,NA,NA,270
2866,NA,NA,NA,270
2867,NA,NA,NA,270
2868,NA,NA,NA,270
2869,NA,NA,NA,270
2870,NA,NA,NA,270
2871,NA,NA,NA,270
2872,NA,NA,NA,270
2873,NA,NA,NA,270
2874,NA,NA,NA,270
2875,NA,NA,NA,280
2876,NA,NA,NA,280
2877,NA,NA,NA,280
2878,NA,NA,NA,280
2879,NA,NA,NA,280
2880,NA,NA,NA,280
2881,NA,NA,NA,280
2882,NA,NA,NA,280
2883,NA,NA,NA,290
2884,NA,NA,NA,290
2885,NA,NA,NA,290
2886,NA,NA,NA,290
2887,NA,NA,NA,300
2888,NA,NA,NA,300
2889,NA,NA,NA,450
2890,NA,NA,NA,450
2891,NA,NA,NA,190
2892,NA,NA,NA,190
2893,NA,NA,NA,230
2894,NA,NA,NA,230
2895,NA,NA,NA,230
2896,NA,NA,NA,230
2897,NA,NA,NA,280
2898,NA,NA,NA,280
2899,NA,NA,NA,280
2900,NA,NA,NA,290
2901,NA,NA,NA,290
2902,NA,NA,NA,290
2903,NA,NA,NA,310
2904,NA,NA,NA,310
2905,NA,NA,NA,400
2906,NA,NA,NA,400
2907,NA,NA,NA,420
2908,NA,NA,NA,420
2909,NA,NA,NA,420
2910,NA,NA,NA,420
2911,NA,NA,NA,440
2912,NA,NA,NA,440
2913,NA,NA,NA,440
2914,NA,NA,NA,220
2915,NA,NA,NA,220
2916,NA,NA,NA,280
2917,NA,NA,NA,280
2918,NA,NA,NA,220
2919,NA,NA,NA,220
2920,NA,NA,NA,220
2921,NA,NA,NA,240
2922,NA,NA,NA,240
2923,NA,NA,NA,240
2924,NA,NA,NA,250
2925,NA,NA,NA,250
2926,NA,NA,NA,280
2927,NA,NA,NA,280
2928,NA,NA,NA,280
2929,NA,NA,NA,310
2930,NA,NA,NA,310
2931,NA,NA,NA,320
2932,NA,NA,NA,320
2933,NA,NA,NA,310
2934,NA,NA,NA,310
2935,NA,NA,NA,190
2936,NA,NA,NA,190
2937,NA,NA,NA,200
2938,NA,NA,NA,200
2939,NA,NA,NA,200
2940,NA,NA,NA,210
2941,NA,NA,NA,210
2942,NA,NA,NA,210
2943,NA,NA,NA,210
2944,NA,NA,NA,210
2945,NA,NA,NA,220
2946,NA,NA,NA,220
2947,NA,NA,NA,220
2948,NA,NA,NA,220
2949,NA,NA,NA,220
2950,NA,NA,NA,220
2951,NA,NA,NA,220
2952,NA,NA,NA,220
2953,NA,NA,NA,220
2954,NA,NA,NA,220
2955,NA,NA,NA,220
2956,NA,NA,NA,220
2957,NA,NA,NA,230
2958,NA,NA,NA,230
2959,NA,NA,NA,230
2960,NA,NA,NA,230
2961,NA,NA,NA,230
2962,NA,NA,NA,230
2963,NA,NA,NA,230
2964,NA,NA,NA,230
2965,NA,NA,NA,230
2966,NA,NA,NA,230
2967,NA,NA,NA,230
2968,NA,NA,NA,230
2969,NA,NA,NA,230
2970,NA,NA,NA,230
2971,NA,NA,NA,230
2972,NA,NA,NA,230
2973,NA,NA,NA,230
2974,NA,NA,NA,230
2975,NA,NA,NA,240
2976,NA,NA,NA,240
2977,NA,NA,NA,240
2978,NA,NA,NA,240
2979,NA,NA,NA,240
2980,NA,NA,NA,240
2981,NA,NA,NA,240
2982,NA,NA,NA,240
2983,NA,NA,NA,240
2984,NA,NA,NA,240
2985,NA,NA,NA,240
2986,NA,NA,NA,240
2987,NA,NA,NA,240
2988,NA,NA,NA,240
2989,NA,NA,NA,240
2990,NA,NA,NA,240
2991,NA,NA,NA,240
2992,NA,NA,NA,250
2993,NA,NA,NA,250
2994,NA,NA,NA,250
2995,NA,NA,NA,250
2996,NA,NA,NA,250
2997,NA,NA,NA,250
2998,NA,NA,NA,250
2999,NA,NA,NA,250
3000,NA,NA,NA,250
3001,NA,NA,NA,250
3002,NA,NA,NA,250
3003,NA,NA,NA,250
3004,NA,NA,NA,250
3005,NA,NA,NA,250
3006,NA,NA,NA,250
3007,NA,NA,NA,250
3008,NA,NA,NA,260
3009,NA,NA,NA,260
3010,NA,NA,NA,260
3011,NA,NA,NA,260
3012,NA,NA,NA,260
3013,NA,NA,NA,260
3014,NA,NA,NA,260
3015,NA,NA,NA,270
3016,NA,NA,NA,270
3017,NA,NA,NA,270
3018,NA,NA,NA,270
3019,NA,NA,NA,270
3020,NA,NA,NA,270
3021,NA,NA,NA,280
3022,NA,NA,NA,280
3023,NA,NA,NA,280
3024,NA,NA,NA,280
3025,NA,NA,NA,280
3026,NA,NA,NA,280
3027,NA,NA,NA,280
3028,NA,NA,NA,280
3029,NA,NA,NA,280
3030,NA,NA,NA,280
3031,NA,NA,NA,280
3032,NA,NA,NA,280
3033,NA,NA,NA,280
3034,NA,NA,NA,290
3035,NA,NA,NA,290
3036,NA,NA,NA,290
3037,NA,NA,NA,290
3038,NA,NA,NA,290
3039,NA,NA,NA,290
3040,NA,NA,NA,290
3041,NA,NA,NA,290
3042,NA,NA,NA,290
3043,NA,NA,NA,290
3044,NA,NA,NA,290
3045,NA,NA,NA,290
3046,NA,NA,NA,290
3047,NA,NA,NA,290
3048,NA,NA,NA,290
3049,NA,NA,NA,290
3050,NA,NA,NA,290
3051,NA,NA,NA,290
3052,NA,NA,NA,300
3053,NA,NA,NA,300
3054,NA,NA,NA,300
3055,NA,NA,NA,300
3056,NA,NA,NA,300
3057,NA,NA,NA,300
3058,NA,NA,NA,300
3059,NA,NA,NA,300
3060,NA,NA,NA,300
3061,NA,NA,NA,300
3062,NA,NA,NA,300
3063,NA,NA,NA,300
3064,NA,NA,NA,300
3065,NA,NA,NA,300
3066,NA,NA,NA,300
3067,NA,NA,NA,300
3068,NA,NA,NA,310
3069,NA,NA,NA,310
3070,NA,NA,NA,310
3071,NA,NA,NA,310
3072,NA,NA,NA,310
3073,NA,NA,NA,310
3074,NA,NA,NA,310
3075,NA,NA,NA,320
3076,NA,NA,NA,320
3077,NA,NA,NA,320
3078,NA,NA,NA,320
3079,NA,NA,NA,320
3080,NA,NA,NA,320
3081,NA,NA,NA,320
3082,NA,NA,NA,400
3083,NA,NA,NA,400
3084,NA,NA,NA,550
3085,NA,NA,NA,550
3086,NA,NA,NA,160
3087,NA,NA,NA,160
3088,NA,NA,NA,160
3089,NA,NA,NA,160
3090,NA,NA,NA,160
3091,NA,NA,NA,470
3092,NA,NA,NA,470
3093,NA,NA,NA,470
3094,NA,NA,NA,470
3095,NA,NA,NA,470
3096,NA,NA,NA,470
3097,NA,NA,NA,470
3098,NA,NA,NA,470
3099,NA,NA,NA,470
3100,NA,NA,NA,180
3101,NA,NA,NA,180
3102,NA,NA,NA,180
3103,NA,NA,NA,180
3104,NA,NA,NA,180
3105,NA,NA,NA,180
3106,NA,NA,NA,180
3107,NA,NA,NA,190
3108,NA,NA,NA,190
3109,NA,NA,NA,190
3110,NA,NA,NA,190
3111,NA,NA,NA,190
3112,NA,NA,NA,230
3113,NA,NA,NA,230
3114,NA,NA,NA,270
3115,NA,NA,NA,270
3116,NA,NA,NA,290
3117,NA,NA,NA,290
3118,NA,NA,NA,300
3119,NA,NA,NA,300
3120,NA,NA,NA,300
3121,NA,NA,NA,310
3122,NA,NA,NA,310
3123,NA,NA,NA,310
3124,NA,NA,NA,310
3125,NA,NA,NA,230
3126,NA,NA,NA,230
3127,NA,NA,NA,240
3128,NA,NA,NA,240
3129,NA,NA,NA,240
3130,NA,NA,NA,260
3131,NA,NA,NA,260
3132,NA,NA,NA,280
3133,NA,NA,NA,280
3134,NA,NA,NA,280
3135,NA,NA,NA,310
3136,NA,NA,NA,310
3137,NA,NA,NA,310
3138,NA,NA,NA,230
3139,NA,NA,NA,230
3140,NA,NA,NA,250
3141,NA,NA,NA,250
3142,NA,NA,NA,250
3143,NA,NA,NA,250
3144,NA,NA,NA,280
3145,NA,NA,NA,280
3146,NA,NA,NA,290
3147,NA,NA,NA,290
3148,NA,NA,NA,290
3149,NA,NA,NA,290
3150,NA,NA,NA,290
3151,NA,NA,NA,310
3152,NA,NA,NA,310
3153,NA,NA,NA,310
3154,NA,NA,NA,320
3155,NA,NA,NA,320
3156,NA,NA,NA,420
3157,NA,NA,NA,420
3158,NA,NA,NA,300
3159,NA,NA,NA,300
3160,NA,NA,NA,300
3161,NA,NA,NA,250
3162,NA,NA,NA,250
3163,NA,NA,NA,320
3164,NA,NA,NA,320
3165,NA,NA,NA,400
3166,NA,NA,NA,400
3167,NA,NA,NA,400
3168,NA,NA,NA,180
3169,NA,NA,NA,180
3170,NA,NA,NA,230
3171,NA,NA,NA,230
3172,NA,NA,NA,230
3173,NA,NA,NA,240
3174,NA,NA,NA,240
3175,NA,NA,NA,240
3176,NA,NA,NA,260
3177,NA,NA,NA,260
3178,NA,NA,NA,280
3179,NA,NA,NA,280
3180,NA,NA,NA,290
3181,NA,NA,NA,290
3182,NA,NA,NA,310
3183,NA,NA,NA,310
3184,NA,NA,NA,310
3185,NA,NA,NA,230
3186,NA,NA,NA,230
3187,NA,NA,NA,230
3188,NA,NA,NA,420
3189,NA,NA,NA,420
3190,NA,NA,NA,220
3191,NA,NA,NA,220
3192,NA,NA,NA,220
3193,NA,NA,NA,230
3194,NA,NA,NA,230
3195,NA,NA,NA,230
3196,NA,NA,NA,230
3197,NA,NA,NA,230
3198,NA,NA,NA,230
3199,NA,NA,NA,230
3200,NA,NA,NA,230
3201,NA,NA,NA,250
3202,NA,NA,NA,250
3203,NA,NA,NA,250
3204,NA,NA,NA,250
3205,NA,NA,NA,250
3206,NA,NA,NA,250
3207,NA,NA,NA,250
3208,NA,NA,NA,250
3209,NA,NA,NA,270
3210,NA,NA,NA,270
3211,NA,NA,NA,270
3212,NA,NA,NA,270
3213,NA,NA,NA,270
3214,NA,NA,NA,270
3215,NA,NA,NA,280
3216,NA,NA,NA,280
3217,NA,NA,NA,280
3218,NA,NA,NA,280
3219,NA,NA,NA,290
3220,NA,NA,NA,290
3221,NA,NA,NA,290
3222,NA,NA,NA,300
3223,NA,NA,NA,300
3224,NA,NA,NA,300
3225,NA,NA,NA,310
3226,NA,NA,NA,310
3227,NA,NA,NA,310
3228,NA,NA,NA,170
3229,NA,NA,NA,170
3230,NA,NA,NA,170
3231,NA,NA,NA,230
3232,NA,NA,NA,230
3233,NA,NA,NA,280
3234,NA,NA,NA,280
3235,NA,NA,NA,290
3236,NA,NA,NA,290
3237,NA,NA,NA,290
3238,NA,NA,NA,290
3239,NA,NA,NA,300
3240,NA,NA,NA,300
3241,NA,NA,NA,300
3242,NA,NA,NA,310
3243,NA,NA,NA,310
3244,NA,NA,NA,320
3245,NA,NA,NA,320
3246,NA,NA,NA,250
3247,NA,NA,NA,250
3248,NA,NA,NA,250
3249,NA,NA,NA,250
3250,NA,NA,NA,250
3251,NA,NA,NA,250
3252,NA,NA,NA,280
3253,NA,NA,NA,280
3254,NA,NA,NA,280
3255,NA,NA,NA,280
3256,NA,NA,NA,290
3257,NA,NA,NA,290
3258,NA,NA,NA,290
3259,NA,NA,NA,290
3260,NA,NA,NA,290
3261,NA,NA,NA,290
3262,NA,NA,NA,290
3263,NA,NA,NA,290
3264,NA,NA,NA,290
3265,NA,NA,NA,290
3266,NA,NA,NA,300
3267,NA,NA,NA,300
3268,NA,NA,NA,300
3269,NA,NA,NA,300
3270,NA,NA,NA,300
3271,NA,NA,NA,300
3272,NA,NA,NA,300
3273,NA,NA,NA,300
3274,NA,NA,NA,300
3275,NA,NA,NA,300
3276,NA,NA,NA,300
3277,NA,NA,NA,310
3278,NA,NA,NA,310
3279,NA,NA,NA,310
3280,NA,NA,NA,310
3281,NA,NA,NA,320
3282,NA,NA,NA,320
3283,NA,NA,NA,320
3284,NA,NA,NA,330
3285,NA,NA,NA,330
3286,NA,NA,NA,330
3287,NA,NA,NA,340
3288,NA,NA,NA,340
3289,NA,NA,NA,340
3290,NA,NA,NA,340
3291,NA,NA,NA,380
3292,NA,NA,NA,380
3293,NA,NA,NA,390
3294,NA,NA,NA,390
3295,NA,NA,NA,390
3296,NA,NA,NA,400
3297,NA,NA,NA,400
3298,NA,NA,NA,400
3299,NA,NA,NA,410
3300,NA,NA,NA,410
3301,NA,NA,NA,420
3302,NA,NA,NA,420
3303,NA,NA,NA,420
3304,NA,NA,NA,440
3305,NA,NA,NA,440
3306,NA,NA,NA,440
3307,NA,NA,NA,490
3308,NA,NA,NA,490
3309,NA,NA,NA,270
3310,NA,NA,NA,270
3311,NA,NA,NA,270
3312,NA,NA,NA,280
3313,NA,NA,NA,280
3314,NA,NA,NA,280
3315,NA,NA,NA,290
3316,NA,NA,NA,290
3317,NA,NA,NA,290
3318,NA,NA,NA,290
3319,NA,NA,NA,290
3320,NA,NA,NA,290
3321,NA,NA,NA,300
3322,NA,NA,NA,300
3323,NA,NA,NA,300
3324,NA,NA,NA,300
3325,NA,NA,NA,300
3326,NA,NA,NA,300
3327,NA,NA,NA,310
3328,NA,NA,NA,310
3329,NA,NA,NA,330
3330,NA,NA,NA,330
3331,NA,NA,NA,390
3332,NA,NA,NA,390
3333,NA,NA,NA,440
3334,NA,NA,NA,440
3335,NA,NA,NA,270
3336,NA,NA,NA,270
3337,NA,NA,NA,270
3338,NA,NA,NA,270
3339,NA,NA,NA,270
3340,NA,NA,NA,270
3341,NA,NA,NA,270
3342,NA,NA,NA,270
3343,NA,NA,NA,280
3344,NA,NA,NA,280
3345,NA,NA,NA,290
3346,NA,NA,NA,290
3347,NA,NA,NA,310
3348,NA,NA,NA,310
3349,NA,NA,NA,310
3350,NA,NA,NA,310
3351,NA,NA,NA,310
3352,NA,NA,NA,310
3353,NA,NA,NA,430
3354,NA,NA,NA,430
3355,NA,NA,NA,450
3356,NA,NA,NA,450
3357,NA,NA,NA,290
3358,NA,NA,NA,290
3359,NA,NA,NA,300
3360,NA,NA,NA,300
3361,NA,NA,NA,300
3362,NA,NA,NA,220
3363,NA,NA,NA,220
3364,NA,NA,NA,290
3365,NA,NA,NA,290
3366,NA,NA,NA,310
3367,NA,NA,NA,310
3368,NA,NA,NA,260
3369,NA,NA,NA,260
